<?xml version="1.0" encoding="UTF-8" ?>
<!DOCTYPE mapper PUBLIC "-//mybatis.org//DTD Mapper 3.0//EN" "http://maybtis.org/dtd/mybatis-3-mapper.dtd">
<mapper namespace="com.ssafy.vue.dao.MemberInfoDao">

	<!-- 회원전체 조회 -->
	<select id="list" resultType="memberinfo">
		SELECT id,pass,name,address,phonenum 
		FROM memberinfo
		order by id desc
	</select>
	

	<!--  삭제 -->
	<delete id="delete" parameterType="String">
		delete 
		  from memberinfo 
		 where id = #{id}
	</delete>
	
	<!-- 등록 -->
	<insert id="regist" parameterType="memberinfo">
		insert into memberinfo(
			id,pass,name,address,phonenum
		) values (
			#{id}, #{pass}, #{name}, #{address}, #{phonenum}
		)
	</insert>
	
	
	<!--  수정 -->
	<update id="update" parameterType="memberinfo">
		update memberinfo 
		   set pass = #{pass}, 
		   	   name = #{name}, 
		   	   address = #{address},
		   	   phonenum = #{phonenum}
		 where id = #{id}
	</update>
	
	
	<select id="login" parameterType="com.ssafy.vue.dto.MemberLoginDTO" resultType="com.ssafy.vue.dto.MemberInfo">
		SELECT *
		FROM memberinfo
		WHERE id= #{id}
		AND pass = #{pass}
	</select>
	
	
	<select id="findPass" parameterType="com.ssafy.vue.dto.MemberfindPassDTO" resultType="com.ssafy.vue.dto.MemberInfo">
		SELECT *
		FROM memberinfo
		WHERE id= #{id}
		AND name = #{name}
		AND address = #{address}
	</select>

	<select id="findById" parameterType="String" resultType="com.ssafy.vue.dto.MemberInfo">
		SELECT *
		FROM memberinfo
		WHERE id= #{id}
	</select>
    
    
</mapper>