<?xml version="1.0" encoding="UTF-8" ?>
<!DOCTYPE mapper
        PUBLIC "-//mybatis.org//DTD Mapper 3.0//EN"
        "http://mybatis.org/dtd/mybatis-3-mapper.dtd">
<mapper namespace="com.ssafy.vue.dao.QnADAO">

	<!-- 게시글 전체 조회 -->
	<select id="selectQnA" resultType="qnADTO">
		SELECT qna_no, qna_title, qna_content, qna_userid, qna_datetime
				, reply_content, reply_datetime, reply_userid
		FROM ssafydb.qna_board
		ORDER BY qna_no DESC
	</select>

	<!-- 게시글 상세 조회 -->
	<select id="selectQnAByNo" resultType="qnADTO">
		SELECT qna_no, qna_title, qna_content, qna_userid, qna_datetime
				, reply_content, reply_datetime, reply_userid
		FROM ssafydb.qna_board
		WHERE qna_no = #{no}
	</select>

	<!-- 게시글 등록 -->
	<insert id="insertQnA" parameterType="qnADTO">
		INSERT INTO ssafydb.qna_board(
			qna_title, qna_content, qna_userid, qna_datetime
		) VALUES (
			#{qna_title}, #{qna_content}, #{qna_userid}, now()
		)
	</insert>
	
	<!-- 게시글 수정 -->
	<update id="updateQnA" parameterType="qnADTO">
		update ssafydb.qna_board 
		   set qna_title = #{qna_title},
		   	   qna_content = #{qna_content}
		 where qna_no = #{qna_no}
	</update>

	<!-- 게시글 삭제 -->
	<delete id="deleteQnA" parameterType="int">
		DELETE FROM ssafydb.qna_board 
		WHERE qna_no = #{no}
	</delete>

</mapper>

